model_id,actual_max_vonMises,predicted_max_vonMises,error_MPa,abs_error_MPa
M19,8.095412254333496,8.094788896242777,-0.0006233580907188951,0.0006233580907188951
M20,7.646137714385986,7.329242041905721,-0.31689567248026496,0.31689567248026496
M21,7.691746234893799,7.492963234583537,-0.19878300031026175,0.19878300031026175
M22,7.560500144958496,7.407285488446553,-0.15321465651194277,0.15321465651194277
M23,8.462495803833008,6.7161565001805625,-1.7463393036524453,1.7463393036524453
M24,6.182094097137451,7.440650691986084,1.258556594848633,1.258556594848633
M25,7.149514675140381,6.851010034879049,-0.2985046402613323,0.2985046402613323
M26,6.467466831207275,7.1585390710830685,0.6910722398757931,0.6910722398757931
